LEARNING_RATE,HIDDEN_CHANNELS,DROPOUT,WEIGHT_DECAY,MRR,Recall@1,Recall@5,Recall@10,Best_Epoch
5.299381694251116e-05,768,0.27518027751267493,0.0018480859653590082,0.9624653925945721,0.936676798378926,0.9918946301925026,0.959349593495935,17
0.0006949873440248805,512,0.2801994953228893,0.014148858382192143,0.9812706234438757,0.9660587639311043,0.997467071935157,0.9796747967479674,6
0.0001936031215186477,512,0.4398376153289504,0.040643721185798384,0.975008914731559,0.9594731509625126,0.9934143870314083,0.9796747967479674,15
0.0005219297910114116,128,0.10431840562010178,0.0018605133437376734,0.9893194866599122,0.9797365754812564,1.0,0.967479674796748,16
7.974606215614786e-05,768,0.4053989979868242,0.03994512806482496,0.9851739277271193,0.9721377912867275,1.0,0.967479674796748,24
0.00028342859207303124,768,0.3135495112043328,0.011679131081805188,0.9971293481931781,0.9944275582573455,1.0,0.983739837398374,23
0.0005068576933664744,1024,0.2310175227212143,0.014617841277784278,0.9684718324148084,0.9437689969604863,0.9964539007092199,0.9796747967479674,4
8.148349113152193e-05,256,0.38188008109504634,0.0031447785875062676,0.9329104952945771,0.889564336372847,0.9822695035460993,0.9227642276422764,27
0.00037879766454784937,768,0.1143631145197459,0.023951450178532584,0.9802251692639229,0.9665653495440729,0.9964539007092199,0.9715447154471545,10
9.669811818332398e-05,768,0.4094633437677673,0.027546661935813385,0.9871719128558032,0.977710233029382,0.9984802431610942,0.9796747967479674,26
0.0002808154316695879,512,0.47829565735915713,0.0023287745128842754,0.9842536305302261,0.9721377912867275,0.9984802431610942,0.983739837398374,25
8.802033283486775e-05,128,0.28354779874701896,0.008753806031395679,0.9199854078978493,0.8748733535967579,0.975177304964539,0.9065040650406504,28
0.0009894598712302542,768,0.2733040813394092,0.0159966147463204,0.972554042146907,0.9513677811550152,0.9969604863221885,0.9796747967479674,4
0.00012374836589274882,512,0.24929929123549543,0.0016391040957556722,0.9738818931828049,0.9539007092198581,0.997467071935157,0.9715447154471545,6
0.0002886284523356892,128,0.21399385064238766,0.007647661692510697,0.9566006126036518,0.9235055724417427,0.9949341438703141,0.9715447154471545,18
0.0007580180496847093,512,0.2825848952503246,0.02449151616689495,0.9730649233688746,0.9533941236068896,0.9949341438703141,0.983739837398374,9
0.00038280463505040754,256,0.3476506350983249,0.019948981418378874,0.9591548627832822,0.9285714285714286,0.9954407294832827,0.959349593495935,13
0.00017930504932107757,256,0.21105872025963382,0.0016547072923215795,0.9874668307039128,0.977710233029382,0.9984802431610942,0.967479674796748,14
7.69090104968765e-05,768,0.359859944533106,0.012682053374054758,0.9790838439394669,0.9650455927051672,0.9959473150962512,0.9715447154471545,24
0.0005602447755666655,128,0.2310941658395229,0.003048307076341378,0.9682388139834947,0.9442755825734549,0.9964539007092199,0.9715447154471545,25
0.00024723434333667315,1024,0.4900378517798202,0.004024896159548287,0.9741152844116369,0.9539007092198581,0.9964539007092199,0.9715447154471545,10
0.0001501440914108479,512,0.4901794041351609,0.0010261309975745936,0.9840690886283591,0.9706180344478217,0.9989868287740629,0.9715447154471545,26
0.00033329415251689997,512,0.3305792897832402,0.005410514125980493,0.9950326466283913,0.9908814589665653,0.9994934143870314,0.983739837398374,23
0.00024365145608581837,1024,0.18212875243470494,0.0010401416742241315,0.9920522346054261,0.9853090172239108,0.9994934143870314,0.9796747967479674,5
0.000427679771705902,768,0.4492048831152942,0.00962531843823966,0.9732657540028358,0.9549138804457954,0.9959473150962512,0.983739837398374,6
0.00014206389992904656,512,0.4589883197051169,0.0053730341834226205,0.9806146572104018,0.96403242147923,0.9994934143870314,0.967479674796748,24
0.0002862574910341865,512,0.15014940714009112,0.0027130921891639088,0.9787676299834354,0.9645390070921985,0.9969604863221885,0.9796747967479674,9
0.0001976973662577384,768,0.33271347387554867,0.005087912648884694,0.9951874366767984,0.9908814589665653,1.0,0.9796747967479674,22
6.256408641881457e-05,256,0.4128411669622043,0.0023338972653598484,0.8516979896889714,0.7796352583586627,0.9402228976697061,0.8902439024390244,22
0.00011448166692606134,1024,0.3210901499889115,0.010482306177371996,0.9929246876055385,0.9873353596757852,1.0,0.983739837398374,14
0.0007185654662090511,768,0.3726709615662502,0.006296581643354965,0.987031408308004,0.9772036474164134,0.9984802431610942,0.983739837398374,8
0.000306008497266404,512,0.15160688104743067,0.0040087049788328655,0.9956485594783466,0.9918946301925026,0.9994934143870314,0.9715447154471545,23
0.0009221911869894288,512,0.48010054360501814,0.0012289395493332298,0.9816942035787017,0.9680851063829787,0.9969604863221885,0.9796747967479674,11
0.00016767376460892735,768,0.3041337739923444,0.036419332032646856,0.9876646403242147,0.9766970618034447,1.0,0.975609756097561,11
0.00021332154019105645,128,0.39142491422066517,0.0020830166264411455,0.8704284059221777,0.8019250253292807,0.9544072948328267,0.9146341463414634,26
0.0005865766304282778,1024,0.43343509416156567,0.0013937947567578463,0.9874583876103633,0.9772036474164134,0.9994934143870314,0.983739837398374,10
0.0004307365580541234,512,0.47026039341713444,0.012060625713373999,0.9782495858863639,0.9609929078014184,0.9964539007092199,0.975609756097561,11
5.026317418745591e-05,768,0.12406218734804175,0.00402658087846934,0.9769204687391108,0.9599797365754813,0.9964539007092199,0.9512195121951219,22
0.00024270211589642098,256,0.4275781601414798,0.017779615857958623,0.9772199975340805,0.9584599797365755,0.9979736575481256,0.959349593495935,24
0.00048296756062093563,768,0.186737444738089,0.007597277453070826,0.9861617696724079,0.975177304964539,0.9979736575481256,0.975609756097561,8
0.0003466657946870107,128,0.2525175186543369,0.0035154122797124788,0.9545245332590333,0.9235055724417427,0.9903748733535968,0.959349593495935,24
0.00012248302350689627,512,0.39333015070854,0.046104273645825006,0.9854103343465046,0.9726443768996961,1.0,0.967479674796748,23
0.0008235305480864018,768,0.4986893529728107,0.006542787351774489,0.9789766970618032,0.961499493414387,0.9979736575481256,0.975609756097561,9
0.0006252879316276666,256,0.3578939760627619,0.0330587682057854,0.9775186552162235,0.9625126646403243,0.9944275582573455,0.975609756097561,13
0.0002738159988897055,1024,0.3126945680030387,0.02067837464536801,0.9794617728888243,0.9645390070921985,0.997467071935157,0.975609756097561,11
0.0004602982248377346,512,0.2602243862407793,0.014586362453569176,0.9967662951705505,0.9944275582573455,1.0,0.975609756097561,22
0.0003695089688391375,768,0.28793456328302924,0.0025498813874688993,0.9799190761956721,0.9635258358662614,0.9989868287740629,0.9715447154471545,6
0.000160455048630349,128,0.23525161827910296,0.008801682643688321,0.8972781481196324,0.8368794326241135,0.9716312056737588,0.9308943089430894,26
0.00019788600422005872,768,0.18282153700925968,0.001940217493349948,0.9959642012833502,0.9929078014184397,1.0,0.983739837398374,22
0.00010891560444664294,512,0.3428670853971016,0.029448414790231633,0.9733584213827374,0.9513677811550152,0.9984802431610942,0.959349593495935,15
6.340605996361073e-05,256,0.20508355621707364,0.011637918703109311,0.9433948972940378,0.9062816616008106,0.9873353596757852,0.9471544715447154,26
0.00013679696640447373,128,0.41468427922836426,0.0492525989886464,0.854078625635054,0.7872340425531915,0.9417426545086119,0.9065040650406504,26
0.00022536728520331076,1024,0.10204634888124697,0.001539453657752586,0.9687514202926517,0.9473150962512664,0.9934143870314083,0.983739837398374,3
0.0003171280575378302,512,0.3656844718113353,0.001199915861338486,0.9839581222559945,0.9696048632218845,0.9994934143870314,0.9715447154471545,8
9.449637608973025e-05,768,0.449717833502901,0.004629662475561335,0.9720837335578976,0.952887537993921,0.9944275582573455,0.975609756097561,24
0.0005417726003641277,512,0.13062503769907546,0.003159344539965878,0.9975092874029043,0.9954407294832827,1.0,0.983739837398374,11
0.00041799451182084757,768,0.38198639595732303,0.01711868182450969,0.9686588529673634,0.9478216818642351,0.9934143870314083,0.9715447154471545,12
0.0001835964434640245,256,0.26470878148311583,0.023574068951310596,0.974691123494315,0.9539007092198581,0.9969604863221885,0.9715447154471545,24
0.0002678691603715265,1024,0.294331070173927,0.00852237478670067,0.9909827760891591,0.9832826747720365,1.0,0.975609756097561,13
0.0006139519651391358,512,0.46910319180739596,0.006286749884853821,0.9952296521445458,0.9908814589665653,1.0,0.9878048780487805,26
0.0006527017867499946,128,0.16383706690749433,0.013458272474392926,0.9811170212765958,0.9655521783181358,0.9984802431610942,0.9796747967479674,14
0.0009757867937046349,512,0.42507996804390613,0.007082447108433657,0.9895607179041831,0.9802431610942249,0.9994934143870314,0.983739837398374,14
0.0007897171208258533,768,0.4014927882807515,0.020908978336508535,0.993937858831476,0.9888551165146909,1.0,0.9796747967479674,12
0.00037959459626374343,512,0.46775387281256375,0.010405499403079096,0.9789419378325154,0.9645390070921985,0.9944275582573455,0.983739837398374,13
0.0006887786189559447,768,0.23845427174581557,0.0060088890276863505,0.9907083755488012,0.9827760891590679,0.9994934143870314,0.983739837398374,6
0.0008373332819866415,512,0.22271473149100166,0.03021199399415892,0.9802765496914433,0.9655521783181358,0.9979736575481256,0.975609756097561,10
0.0007389314109516258,512,0.20125590204262375,0.024920502740242035,0.979274151633574,0.9655521783181358,0.9924012158054711,0.983739837398374,10
0.0009008925152860517,512,0.30406397389033185,0.015899008027273853,0.9902904424181019,0.9817629179331308,1.0,0.983739837398374,10
0.0005116550596647879,512,0.3221303744932928,0.03837114622675234,0.9952296521445458,0.9913880445795339,0.9994934143870314,0.983739837398374,18
0.0005829105442001523,512,0.3444416778753062,0.04453472058985985,0.9694978184697474,0.9508611955420466,0.9913880445795339,0.9796747967479674,9
0.00047371632303851505,512,0.27060396535542874,0.018765967689490414,0.9879987455975296,0.9792299898682877,0.9984802431610942,0.983739837398374,14
0.0004089965625826712,512,0.33517873136476306,0.010809707058647903,0.9937197455814476,0.9893617021276596,0.9989868287740629,0.9796747967479674,17
0.0007474288471723356,256,0.27859166988258594,0.024068572450152138,0.9909073913253245,0.983789260385005,0.9989868287740629,0.9796747967479674,18
0.0009760830518498124,1024,0.24785950495664,0.0049214880074607255,0.9869011434360978,0.975177304964539,0.9994934143870314,0.983739837398374,5
0.000649839984351049,768,0.37612272879762876,0.015857658532874793,0.9937689969604864,0.9883485309017224,1.0,0.983739837398374,13
0.00034077698728829294,512,0.35648808665080145,0.005929951842750991,0.99214189221788,0.9868287740628167,0.9984802431610942,0.9796747967479674,22
0.0006046897269691123,128,0.31536470957450263,0.014011131691116532,0.948235380678267,0.9118541033434651,0.9903748733535968,0.959349593495935,12
0.0008880019425273571,512,0.2226401402850235,0.008552510045181237,0.9943994146121805,0.9898682877406282,0.9994934143870314,0.9796747967479674,12
0.00025697852483839707,768,0.288275531017727,0.004358971516272164,0.98919284025667,0.9802431610942249,1.0,0.9796747967479674,8
0.0003092762391911543,256,0.4447561663586505,0.009626585631926844,0.9815321400427782,0.9660587639311043,0.9994934143870314,0.9715447154471545,17
0.00022079001751640996,512,0.1592038225858876,0.012753659076769445,0.9895868512889789,0.9807497467071935,0.9994934143870314,0.9715447154471545,22
0.000443332814486939,1024,0.197842609401695,0.0034825206251470333,0.9797299781722273,0.9660587639311043,0.9949341438703141,0.9796747967479674,4
0.0005318831529891126,768,0.17153124866717823,0.033658445718588934,0.9908440681237034,0.9832826747720365,0.9994934143870314,0.975609756097561,10
0.000496901968955742,128,0.1439640583325333,0.007584155449385484,0.971144710012491,0.9498480243161094,0.9964539007092199,0.9634146341463414,19
0.0006886902461806358,512,0.29626774579616194,0.009443568660888064,0.9856636271529887,0.9741641337386018,0.9979736575481256,0.9796747967479674,8
0.0007907666440206809,768,0.2447397486365509,0.011670766270393658,0.9869300911854103,0.9756838905775076,0.9994934143870314,0.9715447154471545,15
0.0003500959436080186,512,0.25758876376011286,0.021639463193161332,0.9970027017899359,0.9944275582573455,1.0,0.975609756097561,22
8.185641639022129e-05,256,0.4980399817199788,0.02766868996393087,0.9282071500393287,0.8860182370820668,0.9802431610942249,0.9105691056910569,24
0.0002953745837863586,1024,0.4575071708368581,0.006744362400287298,0.9910081053698075,0.9827760891590679,1.0,0.975609756097561,10
6.953596618384236e-05,768,0.3903808014398409,0.0181047656937118,0.9733212315659123,0.9564336372847011,0.9924012158054711,0.9715447154471545,24
0.0004029360786354001,128,0.32807398710190255,0.04127198227675238,0.9563074168317327,0.9270516717325228,0.9913880445795339,0.9796747967479674,18
0.0005590304305150559,512,0.48202519424373513,0.005374013823995879,0.9736637159699467,0.9544072948328267,0.9949341438703141,0.9715447154471545,11
0.00014876015732946863,512,0.2709963534277404,0.0027052980637965944,0.974794770691427,0.9549138804457954,0.9969604863221885,0.975609756097561,10
0.00020186156867694027,768,0.419951850057984,0.0036248157722214157,0.9907716987504223,0.9827760891590679,0.9994934143870314,0.983739837398374,25
0.00013156033399067097,256,0.40366191809937146,0.026051716440089318,0.9624634132612854,0.9326241134751773,0.9964539007092199,0.9552845528455285,18
0.00016691289970067425,512,0.4383826856041525,0.015365001338981108,0.9858915906788248,0.9736575481256332,1.0,0.975609756097561,22
0.00010539412914032582,1024,0.19141230887560254,0.00810932554638216,0.9973826409996623,0.9949341438703141,1.0,0.975609756097561,26
0.00045938776205568224,768,0.3565486770310522,0.019237743563832836,0.9766538412055127,0.9584599797365755,0.9949341438703141,0.9796747967479674,4
0.00036459474959320645,128,0.11481596131518512,0.03131376398013319,0.964685354047056,0.9422492401215805,0.9924012158054711,0.9634146341463414,27
0.0002382200106992039,512,0.21726729827612506,0.022000948970865818,0.9899557340666764,0.9822695035460993,0.9979736575481256,0.9878048780487805,14
5.896266772706724e-05,512,0.21574473107147732,0.04808256854511549,0.9749398932149691,0.9574468085106383,0.9969604863221885,0.9552845528455285,17
0.00023431874943379078,512,0.17366575894119843,0.022711801894488567,0.9931610942249239,0.9878419452887538,0.9994934143870314,0.9796747967479674,14
0.0008422768073175616,512,0.13691990333269705,0.03475270511819178,0.9583681910133426,0.9341438703140831,0.9893617021276596,0.9878048780487805,5
0.00012197348439555831,512,0.11302163927054668,0.036388040095220356,0.986622521348965,0.9756838905775076,0.9989868287740629,0.983739837398374,12
0.000886011538057002,512,0.13052134732085732,0.04138908242848666,0.9945542046605876,0.9898682877406282,1.0,0.991869918699187,11
0.0009906981739730676,512,0.10919311915297307,0.01699669883877852,0.9898535123269165,0.9817629179331308,0.9989868287740629,0.983739837398374,8
9.344182646327808e-05,512,0.12282898747457639,0.0022415569226575806,0.9889564336372847,0.9797365754812564,0.9994934143870314,0.975609756097561,19
0.0009287717064464753,512,0.14550599409465392,0.02679421927232645,0.9881754474839581,0.9787234042553191,0.9979736575481256,0.9796747967479674,9
0.00018375342847304143,512,0.22646571016724404,0.0042732273205217915,0.9926161309140032,0.9868287740628167,0.9989868287740629,0.983739837398374,14
0.0006374522423873773,512,0.2083426165811441,0.0030808551170958647,0.9361785300425112,0.8991894630192503,0.9827760891590679,0.9796747967479674,4
0.0006969093859472702,512,0.17576583232840792,0.04327208439563856,0.9881712259371835,0.9787234042553191,0.9989868287740629,0.9959349593495935,8
0.0007136931842029557,512,0.10035382983104169,0.0393789515814346,0.995356298547788,0.9913880445795339,1.0,0.983739837398374,9
0.0007797911618779467,256,0.1599140646972804,0.005711537756400303,0.9840101879995496,0.9706180344478217,0.9984802431610942,0.975609756097561,8
0.000872137961727206,1024,0.1761957457283977,0.004780832392124189,0.958182982230899,0.9285714285714286,0.9944275582573455,0.983739837398374,3
0.000594828517957954,512,0.1242060541196615,0.007010184593950599,0.9756348584995997,0.9574468085106383,0.9964539007092199,0.9796747967479674,6
0.0005185158796795594,512,0.1908948131693666,0.04311660206350544,0.9900118203309693,0.9822695035460993,0.9984802431610942,0.9796747967479674,9
0.0009434691390928622,512,0.13540728406472993,0.0016437230407601656,0.9955392322413599,0.9918946301925026,0.9994934143870314,0.991869918699187,10
0.0006665379423327573,128,0.1315796173558733,0.001232632175160594,0.9721263328026244,0.9513677811550152,0.9964539007092199,0.9715447154471545,15
0.0008013041730584616,256,0.14662458280681306,0.04901971905832272,0.9932327864578704,0.9888551165146909,0.9984802431610942,0.983739837398374,13
0.0009260253405824338,512,0.16665423553586972,0.0017908634111908836,0.9973404255319149,0.9949341438703141,1.0,0.983739837398374,11
0.0007242350515603143,1024,0.15430139972185897,0.001360073617808317,0.9829170084109293,0.9706180344478217,0.9964539007092199,0.9878048780487805,4
0.0005662834263424777,512,0.13651940794997203,0.002082703232291448,0.9958375548801081,0.9924012158054711,1.0,0.983739837398374,10
0.0009704407416563655,128,0.10665898687706657,0.0010310673596654568,0.9892229941622039,0.9797365754812564,0.9994934143870314,0.983739837398374,17
0.0003921257552270161,512,0.11933071844148221,0.0015545249745621374,0.9959473150962512,0.9924012158054711,1.0,0.9796747967479674,10
0.0003249859446934415,512,0.19700759217682737,0.001170362297553585,0.9886108698798667,0.9787234042553191,0.9989868287740629,0.9796747967479674,10
0.0009961588603547044,256,0.17754833127117897,0.02870039221854031,0.9960528537656197,0.9929078014184397,0.9994934143870314,0.9878048780487805,15
0.000850332528514632,512,0.24082954864336853,0.0024625859467270104,0.9923891542432576,0.986322188449848,0.9994934143870314,0.983739837398374,10
0.00047915156853434274,1024,0.16752669434032968,0.036653151757315816,0.9992401215805471,0.9984802431610942,1.0,0.983739837398374,18
0.000685867287483331,512,0.18398450862311194,0.0312631186979696,0.9901537447130152,0.9822695035460993,0.9984802431610942,0.9796747967479674,6
0.000760844044615978,128,0.13890657815695703,0.042538093810061184,0.989915327833261,0.9812563323201621,0.9994934143870314,0.975609756097561,21
0.0004346561868967974,512,0.10067185381511141,0.019774280323782704,0.9719269332491215,0.9513677811550152,0.9969604863221885,0.9796747967479674,5
0.0005513999235393075,512,0.23254109140517504,0.001389272611191882,0.9973404255319149,0.9949341438703141,1.0,0.983739837398374,14
0.0009339696462708981,256,0.1563112223837231,0.0017561057490124803,0.9683233137498097,0.9463019250253293,0.9924012158054711,0.9715447154471545,6
0.0006172662274926529,512,0.1304685738810411,0.010861014346388097,0.994224924012158,0.9888551165146909,0.9994934143870314,0.9878048780487805,8
0.0002624580552413206,1024,0.25367950007099505,0.0011024008686757677,0.993515704154002,0.9878419452887538,1.0,0.9796747967479674,9
0.0008295165125855844,128,0.20446495889401328,0.046867782103258586,0.9867724867724867,0.975177304964539,0.9989868287740629,0.9796747967479674,26
0.0005014263998652982,512,0.18929737601201718,0.002916422890721207,0.9938956433637285,0.9888551165146909,0.9994934143870314,0.983739837398374,10
0.00045090933117310347,512,0.26473403836047765,0.025165282370643513,0.9922914555893281,0.9858156028368794,1.0,0.975609756097561,11
0.0002864528662693752,512,0.14940432740651244,0.0019936783457802426,0.9939390649876971,0.9888551165146909,0.9989868287740629,0.983739837398374,11
0.0008789172898822181,256,0.11901190327497646,0.013126114521295576,0.9833596368170835,0.9701114488348531,0.997467071935157,0.9796747967479674,9
0.0007395268897330314,512,0.1037207922260121,0.014810153998834735,0.9915357987166499,0.983789260385005,0.9994934143870314,0.983739837398374,8
0.0009948757624670033,1024,0.21312480133988615,0.01685168472852975,0.957321116981071,0.9275582573454914,0.9949341438703141,0.983739837398374,3
0.00036944574705765346,512,0.12744226378118895,0.033947854852123524,0.9959895305639987,0.9924012158054711,1.0,0.9796747967479674,12
0.0005341597865007566,128,0.19734763475298017,0.049864870407301067,0.9819697737250929,0.9675785207700102,0.9984802431610942,0.9715447154471545,25
5.09137123769991e-05,512,0.2816506089783136,0.0037548041127282022,0.9783434650455927,0.9599797365754813,0.9994934143870314,0.967479674796748,20
0.0006693751486567196,512,0.1398074131408735,0.0022976546033290106,0.9897331982438364,0.9812563323201621,0.9994934143870314,0.9715447154471545,12
0.0006022822933998572,512,0.11086424502836317,0.00283538282206816,0.981338551969251,0.9665653495440729,0.997467071935157,0.9715447154471545,9
0.000633776642266365,512,0.16123820967267932,0.009358599062550795,0.9796597835351631,0.9655521783181358,0.9964539007092199,0.9796747967479674,10
0.0006995521204827611,512,0.18102920171966586,0.0033715765971673315,0.9849930042939161,0.9726443768996961,0.9994934143870314,0.975609756097561,9
0.0007992736117881109,512,0.4894501462479452,0.004422865684126202,0.9938956433637285,0.9883485309017224,1.0,0.9878048780487805,23
0.000568605071243539,512,0.36610443539422644,0.00798595773232496,0.9841185410334348,0.9711246200607903,0.9989868287740629,0.9796747967479674,17
0.00042252358032578407,512,0.46774179516313014,0.005115125224197122,0.9884160756501182,0.9787234042553191,0.9994934143870314,0.983739837398374,22
0.0009179180867199312,512,0.33850948498660316,0.00609837884144584,0.944925775985806,0.9093211752786221,0.9868287740628167,0.9796747967479674,4
0.0007697388698390141,512,0.23061804790287876,0.003956829050502523,0.9816696601271067,0.9690982776089159,0.9959473150962512,0.983739837398374,11
0.0004841300325960339,512,0.3497708292011122,0.011877784460060433,0.9944022289766971,0.9898682877406282,0.9994934143870314,0.983739837398374,13
0.0008719404284089351,512,0.1688683172255832,0.003279214613027176,0.9929500168861872,0.986322188449848,1.0,0.975609756097561,10
0.000622623086408215,512,0.3811891041725515,0.0016173322410458666,0.9315526169964751,0.8926038500506586,0.9792299898682877,0.9796747967479674,6
0.0007059519625468535,256,0.3141999871881157,0.03920103170301888,0.9921366655409208,0.9853090172239108,0.9994934143870314,0.9796747967479674,16
0.0005247473948365583,512,0.15233134148864766,0.02928832545058874,0.9869580338045382,0.9772036474164134,0.9979736575481256,0.983739837398374,9
0.000824522079172137,1024,0.30643664383699076,0.0025311891140868624,0.9891464032421479,0.9797365754812564,0.9994934143870314,0.983739837398374,7
0.0009978410095525059,768,0.43099976003958884,0.014045262525595369,0.9458009282834955,0.9133738601823708,0.9822695035460993,0.9715447154471545,6
0.0005845758235916606,512,0.1324527218483252,0.022752518774185205,0.9807763004191574,0.9675785207700102,0.9949341438703141,0.9796747967479674,4
0.00034064862759961885,128,0.11996287970481521,0.0014388709656419428,0.9526197312103993,0.916919959473151,0.9959473150962512,0.9634146341463414,17
0.0007548607058229627,512,0.21877080484066116,0.009932752595679816,0.9829891767581737,0.9701114488348531,0.9979736575481256,0.9796747967479674,11
0.0003889244907478132,512,0.20682969527868944,0.04452161510964407,0.9970871327254306,0.9944275582573455,1.0,0.9878048780487805,13
0.0006407790955092836,512,0.10171157867430153,0.007256767655999203,0.9694362206520261,0.9457953394123607,0.9969604863221885,0.9796747967479674,4
0.0009308472340103174,256,0.1463194861133029,0.006563797894600272,0.9640483025361445,0.9397163120567376,0.9944275582573455,0.967479674796748,11
0.00021287542950615055,768,0.28871234130024215,0.002138237897150651,0.9906619385342791,0.9832826747720365,0.9994934143870314,0.983739837398374,7
0.00045161189565738407,1024,0.17508778562677274,0.0018117528829205715,0.9968338399189463,0.993920972644377,1.0,0.9878048780487805,7
0.00031346562941044203,512,0.1137145212149843,0.005603856687417621,0.9857580409512098,0.9772036474164134,0.9959473150962512,0.983739837398374,10
0.0006723131632391338,128,0.24015667555277664,0.02097410346987971,0.979119845875165,0.9630192502532928,0.9984802431610942,0.967479674796748,25
0.000873211136850795,512,0.18753740674868064,0.031274277062515975,0.9930030877599265,0.9878419452887538,0.9989868287740629,0.9796747967479674,12
0.0005024622839331262,512,0.40975272601779456,0.0027220175420889824,0.9661417237215107,0.9417426545086119,0.9954407294832827,0.975609756097561,6
0.0009950354155196484,512,0.14123020929197008,0.01817183203920743,0.9962428233704829,0.9929078014184397,1.0,0.9796747967479674,12
0.00040936687485574664,512,0.15573434202406575,0.0010143852350139506,0.9749016982679592,0.9574468085106383,0.9954407294832827,0.9715447154471545,12
0.0007333341019637729,256,0.127892729102443,0.02630520191130151,0.9876356925749022,0.9772036474164134,0.9989868287740629,0.975609756097561,11
0.0005504936988450072,768,0.24902801720653456,0.03693420845957121,0.9847517730496456,0.9716312056737588,1.0,0.9796747967479674,6
0.0008223042272853704,1024,0.45456879272743994,0.04012498719558224,0.9611713717909155,0.9356636271529889,0.9908814589665653,0.983739837398374,8
0.0004749823180509385,512,0.3965081041041739,0.001315898336718127,0.9894208037825057,0.9807497467071935,0.9994934143870314,0.9796747967479674,11
0.0006002749311731649,128,0.1646555038255837,0.008969718082592415,0.9240749943656473,0.8814589665653495,0.975177304964539,0.959349593495935,12
0.0007946757632621779,512,0.2643366489857083,0.024050307628002685,0.9967071935157041,0.9934143870314083,1.0,0.9796747967479674,9
0.0009433179342478947,512,0.10668586946795276,0.012524989333128933,0.970325240025088,0.9493414387031408,0.9944275582573455,0.975609756097561,5
0.0006624619880444267,512,0.19703244390755442,0.005032075950212909,0.9910249915569066,0.983789260385005,0.9994934143870314,0.9715447154471545,13
0.0002525111595377347,256,0.32732336579745613,0.010829998193454277,0.9589328478006286,0.9270516717325228,0.9959473150962512,0.967479674796748,18
0.000870408236277962,512,0.20840891890317575,0.003876457770471156,0.9876224248564673,0.9772036474164134,1.0,0.9796747967479674,6
0.0003615909522262909,768,0.22507727407574693,0.0011281651936725348,0.9758744632604813,0.9584599797365755,0.9979736575481256,0.983739837398374,8
0.0007144026696718539,1024,0.17745217837764002,0.03439531848261607,0.9894340715009408,0.9807497467071935,0.9994934143870314,0.975609756097561,7
7.370289129459737e-05,512,0.27256234153942294,0.004179966561395615,0.9826964828484586,0.9680851063829787,0.9984802431610942,0.9715447154471545,22
0.00010055637356400847,128,0.4956205078003834,0.0019205973634831915,0.8334859260497026,0.745694022289767,0.9402228976697061,0.8780487804878049,25
0.00017621955573105306,512,0.10085633707304463,0.008248119350793446,0.9860568340811502,0.9736575481256332,0.9994934143870314,0.975609756097561,9
0.0002967118277931843,512,0.13480063587458224,0.004563436514067873,0.9701365770894645,0.9483282674772037,0.9959473150962512,0.9715447154471545,10
0.000529974812452221,512,0.47799561068798635,0.02824895291383033,0.9968760553866938,0.993920972644377,1.0,0.983739837398374,23
5.620273679447325e-05,512,0.4191307567776788,0.016156005351553586,0.9274940327669537,0.8794326241134752,0.9873353596757852,0.9552845528455285,7
0.000578769585892528,256,0.29817648168229755,0.003118642840100447,0.9921563660925363,0.986322188449848,0.9989868287740629,0.983739837398374,24
0.0004349413063902644,768,0.11955811014787418,0.02020190168752395,0.9989023978385682,0.9979736575481256,1.0,0.9878048780487805,18
0.00015385089933943585,1024,0.16181036538646046,0.04591698149589274,0.9951874366767984,0.9908814589665653,0.9994934143870314,0.975609756097561,12
0.0007759285549681343,512,0.37281823111137913,0.049835413128897485,0.9824132554375715,0.9680851063829787,0.9984802431610942,0.9796747967479674,9
0.00027282604890663665,128,0.18421993210977816,0.03237902134015938,0.9700996065737704,0.9473150962512664,0.9954407294832827,0.9552845528455285,26
0.0003311221765528358,512,0.38785840953261347,0.007393653636722859,0.9828759990994034,0.9701114488348531,0.9969604863221885,0.9796747967479674,13
0.0006299032986804264,512,0.1451120522375488,0.013796810237269535,0.989868287740628,0.9817629179331308,1.0,0.9796747967479674,7
0.0009844383241714271,512,0.25529986427670753,0.0017102727524728211,0.9879010469436001,0.977710233029382,1.0,0.9796747967479674,8
0.0008964080684653894,512,0.19395882077755583,0.04274719188179662,0.9889119328209073,0.9802431610942249,0.9979736575481256,0.9878048780487805,11
0.00039346555961031736,256,0.15261898109752403,0.0015421816319392233,0.9882809861533265,0.9782168186423505,0.9994934143870314,0.975609756097561,16
0.0006868673629312687,768,0.44476221844727487,0.003620374090825741,0.9792864964597486,0.9645390070921985,0.9979736575481256,0.9878048780487805,10
0.0008334565723415881,1024,0.111523045834721,0.011338315281482594,0.9981425194191151,0.9964539007092199,1.0,0.9878048780487805,9
0.0005045554300091892,512,0.17072807058947748,0.010090289728178105,0.9965552178318136,0.9934143870314083,1.0,0.983739837398374,12
0.0007558718713816142,512,0.21512975135691131,0.006272906207490053,0.9827842054095852,0.9736575481256332,0.993920972644377,0.983739837398374,13
0.0004712037441488723,128,0.12345612848934961,0.0029242886911392332,0.974856065357585,0.9544072948328267,0.9984802431610942,0.959349593495935,23
8.656386130123192e-05,512,0.3495426869906062,0.0012510399462073844,0.9863179669030732,0.9741641337386018,0.9994934143870314,0.9552845528455285,24
0.0005688886058264104,512,0.3648017495211414,0.0024591805787050193,0.9675176155039374,0.9463019250253293,0.9929078014184397,0.9796747967479674,10
0.0009348908292789602,512,0.32191927137959186,0.01545764639190427,0.9687273845708493,0.9432624113475178,0.9969604863221885,0.983739837398374,7
0.00011772803741742106,256,0.20044479523574857,0.019241620365354296,0.950523669311663,0.9184397163120568,0.9878419452887538,0.9512195121951219,22
0.0006480910626931463,768,0.22827757805764345,0.0022834802447855205,0.9817669384538685,0.9670719351570415,0.9969604863221885,0.983739837398374,4
0.0009880003625983343,512,0.24414880097703673,0.026656701487462943,0.9746642738664014,0.9549138804457954,0.997467071935157,0.9878048780487805,5
0.0007009581103106225,1024,0.15942574474517862,0.022384919243515877,0.9761783527740973,0.9620060790273556,0.9949341438703141,0.9715447154471545,7
0.0003553170821048956,512,0.1366730635185957,0.02971381010090789,0.9749634132612855,0.9559270516717325,0.9989868287740629,0.983739837398374,6
0.0004203861170591833,128,0.3056546764925806,0.0053636578872150835,0.9768546662163684,0.9564336372847011,0.9984802431610942,0.9552845528455285,26
0.0006059476734490493,512,0.23357764362155076,0.04982017231285848,0.9681691352663995,0.9478216818642351,0.993920972644377,0.9796747967479674,7
0.0002080216218116134,512,0.1847972734538499,0.017650990849464476,0.9798736752384167,0.9635258358662614,0.9984802431610942,0.9715447154471545,12
0.0008348674051295899,512,0.17040617930668767,0.03646719285029562,0.961278403891064,0.9376899696048632,0.986322188449848,0.975609756097561,6
0.0005454203269075031,256,0.2815266217641247,0.0010895798129908938,0.9849733037423006,0.9716312056737588,0.9989868287740629,0.9796747967479674,13
0.0007440474064204306,512,0.12670557747406835,0.009045890640427991,0.989020962995127,0.9802431610942249,0.9984802431610942,0.983739837398374,7
0.00022870815774148488,768,0.10811141776234384,0.0394639532795969,0.9918946301925026,0.9848024316109423,1.0,0.9796747967479674,12
0.0005000497295240255,1024,0.14381661734827048,0.003280176402947103,0.9925194191151638,0.9858156028368794,1.0,0.983739837398374,7
0.00014042797900833072,512,0.11530429680004735,0.0021318333446387295,0.9866647368167126,0.975177304964539,0.9989868287740629,0.975609756097561,9
0.0004582822061776183,128,0.2115727472207553,0.006843825290264168,0.9634013093739537,0.9361702127659575,0.9934143870314083,0.9715447154471545,23
0.00012748975151502612,512,0.46340109871913876,0.004738463226918261,0.9736026680175617,0.9523809523809523,0.9989868287740629,0.9634146341463414,13
0.0008910697775013107,512,0.1524665990031548,0.007740108405979529,0.9763223492706772,0.961499493414387,0.993920972644377,0.9796747967479674,8
0.0009954267372338076,512,0.22180405500953237,0.012800453464521121,0.9755550328878596,0.955420466058764,0.9979736575481256,0.983739837398374,4
6.728034946017855e-05,256,0.3368764045861322,0.0018988545472831597,0.9395225936949552,0.8991894630192503,0.9878419452887538,0.959349593495935,28
0.0007908515699443416,512,0.4830221474046954,0.0014612431404229834,0.9841700219739733,0.9731509625126646,0.9959473150962512,0.9796747967479674,18
0.00018794638112875386,768,0.10246081549129307,0.024616993117917086,0.9876093764391635,0.9787234042553191,0.9989868287740629,0.983739837398374,6
0.0006561998278781699,1024,0.1299880299493869,0.04586203471124196,0.996134269310561,0.9934143870314083,0.9989868287740629,0.9796747967479674,8
0.0007265662349289311,512,0.1786845995076658,0.00255909831007924,0.9898948231774979,0.9827760891590679,0.9984802431610942,0.983739837398374,10
0.000598308953758756,128,0.26012395494727786,0.032632660144752426,0.9441291938000109,0.9067882472137792,0.9913880445795339,0.959349593495935,23
0.0009043378884835606,512,0.40074672164044645,0.005914277330657505,0.9493835852878404,0.9189463019250254,0.9832826747720365,0.975609756097561,9
0.00037369585943621193,512,0.2935940310947974,0.04199090153799702,0.9884751773049646,0.9787234042553191,0.9994934143870314,0.983739837398374,8
0.0005486248315450354,512,0.16339029198415914,0.004235658945676889,0.9643719544555409,0.9371833839918946,0.9929078014184397,0.9878048780487805,5
0.0004060865059600842,256,0.43378748660713917,0.02131917294215636,0.9569353982727843,0.9270516717325228,0.993920972644377,0.9715447154471545,14
0.0007975645129778164,512,0.20406492420667843,0.028442636336331952,0.965053231694569,0.9387031408308004,0.9959473150962512,0.975609756097561,6
0.00030274357968335943,768,0.27434948689844263,0.014661132789841148,0.9970871327254306,0.9944275582573455,1.0,0.9878048780487805,11
0.00043869210800299654,1024,0.1406619220850677,0.0012947104556394107,0.9892519419115163,0.9797365754812564,1.0,0.9796747967479674,9
0.0003257995773627088,512,0.11902920402767644,0.003562783329548803,0.9971293481931781,0.9944275582573455,1.0,0.9796747967479674,16
0.0009990913947319428,128,0.15055153173691593,0.01186312208100483,0.9360097471560777,0.894630192502533,0.9858156028368794,0.9634146341463414,12
0.0008636192482615043,512,0.42200740109966495,0.03550223053728113,0.9877744005403579,0.9772036474164134,1.0,0.9796747967479674,11
0.000943932185762252,512,0.23694311247621255,0.0054066189748354886,0.9821349963316214,0.9685916919959473,0.997467071935157,0.9796747967479674,6
0.0002814588257613566,512,0.4757543496225127,0.016158451145952407,0.9790870603560573,0.9630192502532928,0.9989868287740629,0.975609756097561,26
0.0006868270547856133,256,0.19136965022200114,0.008370621267138936,0.9609044060886761,0.9321175278622087,0.9949341438703141,0.975609756097561,9
0.000524740275235983,512,0.41061875788588426,0.019117612982046468,0.9979736575481256,0.9959473150962512,1.0,0.983739837398374,14
0.0006244413155174627,768,0.10231079986466629,0.009891817172536359,0.982047941926361,0.9690982776089159,0.9979736575481256,0.983739837398374,7
0.0004797112042780796,1024,0.382451853349083,0.0010035273383524254,0.9841824673131663,0.9711246200607903,0.9984802431610942,0.983739837398374,6
0.0008196380937558303,512,0.17513632425518433,0.023735966225022657,0.9424606194577777,0.9072948328267477,0.9888551165146909,0.983739837398374,4
0.0005860030218309952,512,0.24791117027273554,0.0016506968016173921,0.9960739614994935,0.9924012158054711,1.0,0.983739837398374,8
0.0001680560248001344,128,0.13434625508824471,0.00281931410141584,0.9221266474154008,0.8768996960486323,0.9756838905775076,0.9349593495934959,23
0.0007288001953100374,512,0.10024135328359463,0.004006575207160788,0.989574356747609,0.9817629179331308,0.9989868287740629,0.9796747967479674,12
0.0002450220363443694,512,0.16733059476397533,0.006592663991043733,0.9964539007092199,0.9934143870314083,1.0,0.983739837398374,10
0.0006634152833194176,512,0.31487202220114696,0.026606837182665252,0.9954829449510302,0.9913880445795339,1.0,0.991869918699187,11
0.0007691472400398338,1024,0.3134174212184635,0.030362350263208087,0.994934143870314,0.9903748733535968,1.0,0.9796747967479674,8
0.0008526996692718235,1024,0.1122730639653454,0.038073014042412354,0.9954407294832827,0.9908814589665653,1.0,0.9796747967479674,10
0.0006654772183904423,1024,0.3283435277408355,0.011308736341819232,0.9951874366767984,0.9908814589665653,1.0,0.9878048780487805,9
0.0005662632521398411,768,0.34239841527517745,0.026121557676283606,0.9983535967578521,0.9969604863221885,1.0,0.9878048780487805,15
0.0006332026688736088,512,0.36200084232509017,0.04844986765689178,0.9983958122255996,0.9969604863221885,1.0,0.9878048780487805,17
0.0009484904474362412,512,0.26720544450321343,0.027040689415951103,0.9901806822019588,0.9817629179331308,1.0,0.9796747967479674,8
0.0005200106593171707,512,0.49919880550483486,0.046059769862916065,0.9973404255319149,0.9949341438703141,1.0,0.9878048780487805,20
0.0009572749438132895,512,0.2896705630776231,0.03344895746607992,0.961982558981039,0.9351570415400202,0.993920972644377,0.975609756097561,4
0.0008886599842209595,512,0.2819602367904652,0.025696529458892562,0.9895695321227236,0.9802431610942249,0.9994934143870314,0.9878048780487805,8
0.0007046606568508039,768,0.45865623815392914,0.003710026356127462,0.9868468664061367,0.9761904761904762,0.9989868287740629,0.983739837398374,8
0.0008197200115996555,1024,0.3223663623925294,0.018049435930105863,0.9943009118541033,0.9893617021276596,0.9994934143870314,0.9796747967479674,8
0.000832189467343707,1024,0.3016131446029182,0.04243099193044763,0.996188546340522,0.9929078014184397,0.9994934143870314,0.983739837398374,10
0.0005605441180043918,512,0.15890231565603133,0.04112791591787541,0.9900793650793651,0.9822695035460993,0.9989868287740629,0.9796747967479674,8
0.00045486094929879064,512,0.3501453327395782,0.037833578951190716,0.9899696048632218,0.9812563323201621,1.0,0.9715447154471545,12
0.0007456637074417242,512,0.309723776796873,0.031891014699323615,0.9784743329956094,0.961499493414387,0.9984802431610942,0.991869918699187,7
0.0006686784175208866,512,0.33210731238797697,0.03147254687830863,0.9967071935157041,0.993920972644377,1.0,0.9796747967479674,13
0.000757434058104157,512,0.31164786206678485,0.0499561189068428,0.9863770685579195,0.9756838905775076,0.9984802431610942,0.9796747967479674,8
0.0007381801964625456,512,0.2972735363995769,0.03478705917632644,0.9872951544684068,0.9761904761904762,0.9984802431610942,0.9878048780487805,8
0.00099614236437479,512,0.30644707585885866,0.022290006065170533,0.995772422444155,0.9924012158054711,0.9994934143870314,0.9878048780487805,12
0.0009140304396086835,512,0.3436146298380164,0.03010222936713216,0.9940054035798715,0.9888551165146909,1.0,0.983739837398374,10
0.0006195530811710101,512,0.3702619778132768,0.04576204429163718,0.9889395474501856,0.9792299898682877,0.9994934143870314,0.983739837398374,11
0.0004997247558691614,512,0.31511863693849634,0.020401605615580635,0.9964961161769672,0.9934143870314083,1.0,0.9796747967479674,13
0.0006976384060643119,512,0.359999940913769,0.039409372365547084,0.9966227625802093,0.9934143870314083,1.0,0.9959349593495935,13
0.0003781337577650763,256,0.3546849952415312,0.028452936036731217,0.991514690982776,0.9842958459979737,1.0,0.983739837398374,17
0.0006823467391566939,512,0.38475771165660083,0.039370867584341405,0.9935289718724368,0.9878419452887538,0.9994934143870314,0.9796747967479674,12
0.0005912860888839231,512,0.3941708173394109,0.04996047622359642,0.991565349544073,0.9848024316109423,1.0,0.9878048780487805,10
0.0004218586702887707,128,0.3753716490113803,0.03600877105774392,0.9665788365636389,0.939209726443769,0.9979736575481256,0.975609756097561,23
0.0009986609787101934,512,0.3360657670516973,0.04292042730690196,0.9896994258696387,0.9807497467071935,1.0,0.983739837398374,8
0.0003452544783002867,512,0.32222828351891897,0.033641222097960326,0.9734500161551832,0.9518743667679838,0.9964539007092199,0.983739837398374,6
0.00047944922011252446,512,0.35465621698063876,0.024960159887104955,0.9956819607275533,0.9918946301925026,0.9994934143870314,0.975609756097561,12
0.0005209361102901505,512,0.3602220384030483,0.02389539678208161,0.9959933683337938,0.9924012158054711,0.9994934143870314,0.983739837398374,14
0.00010937832105238349,256,0.2766056263109595,0.03170526425488376,0.9740766874125534,0.9533941236068896,0.997467071935157,0.9512195121951219,25
0.0007921979716465592,512,0.4079844689523044,0.04446744950118092,0.9939378588314758,0.9883485309017224,1.0,0.983739837398374,13
0.000874973371892282,512,0.34534418137136796,0.03894117095135637,0.9803655859506921,0.9660587639311043,0.9964539007092199,0.975609756097561,7
0.0006592253722378744,128,0.39057269721648397,0.0476088885272509,0.8943983090381872,0.8277608915906788,0.9812563323201621,0.9634146341463414,10
0.0007343534052699195,512,0.37226031437282303,0.0354219599626294,0.996580547112462,0.9934143870314083,1.0,0.983739837398374,16
0.0009284367924733487,512,0.25517918330352163,0.029421537325045176,0.9685657659061911,0.9457953394123607,0.9954407294832827,0.975609756097561,4
0.0007774395768019303,512,0.367676714408518,0.049307017497570944,0.9933721715636609,0.9878419452887538,1.0,0.983739837398374,11
0.0007060252276536599,256,0.2874722378606185,0.04046642330368649,0.9848484848484846,0.9736575481256332,0.9984802431610942,0.9878048780487805,11
0.0009965017305653304,512,0.33171875603097645,0.04426196312675448,0.994807497467072,0.9903748733535968,0.9994934143870314,0.9796747967479674,10
0.0005382359903041345,768,0.3072465679273846,0.01703890614446578,0.9571106620498716,0.9240121580547113,0.9954407294832827,0.9796747967479674,3
0.0005982745782599634,512,0.2658689307359784,0.022950669858317462,0.9906028368794325,0.9822695035460993,0.9994934143870314,0.983739837398374,7
0.0004632178999165399,512,0.2954301755932734,0.020195552794685653,0.997483958122256,0.9954407294832827,1.0,0.9796747967479674,11
